,Top-Left,Top-Right,Bottom-Left,Bottom-Right
Benign,4724.6889986394435,5447.485388089189,5317.230002547717,5376.4515205048
Malware,3748.4151256554487,3778.275329911764,3878.5982682307226,3855.691349017135
