{
    "0": {
        "precision": 0.9755011135857461,
        "recall": 0.9319148936170213,
        "f1-score": 0.9532100108813928,
        "support": 940.0
    },
    "1": {
        "precision": 0.9184713375796179,
        "recall": 0.9703903095558546,
        "f1-score": 0.943717277486911,
        "support": 743.0
    },
    "accuracy": 0.9489007724301842,
    "macro avg": {
        "precision": 0.946986225582682,
        "recall": 0.951152601586438,
        "f1-score": 0.9484636441841519,
        "support": 1683.0
    },
    "weighted avg": {
        "precision": 0.9503239753964691,
        "recall": 0.9489007724301842,
        "f1-score": 0.9490192200839479,
        "support": 1683.0
    }
}