segment,name,accuracy,precision,recall,f1_score,auc,sample_count
0,Top-Left (0),0.9520295202952029,0.9470588235294117,0.9757575757575757,0.9611940298507463,0.011435105774728416,271
1,Top-Right (1),0.946969696969697,0.8969072164948454,0.9560439560439561,0.925531914893617,0.014720828304643331,528
2,Bottom-Left (2),0.9491525423728814,0.9016393442622951,0.9821428571428571,0.9401709401709402,0.01836734693877551,413
3,Bottom-Right (3),0.9490445859872612,0.9285714285714286,0.9692982456140351,0.9484978540772532,0.017796548985632807,471
