,Top-Left,Top-Right,Bottom-Left,Bottom-Right
Benign,9.89466964570699,35.604851579955316,25.78997765719758,28.71050111714012
Malware,22.45557350565428,24.757673667205168,23.28352180936995,29.5032310177706
