threshold,accuracy,precision,recall,f1_score,true_positive,false_positive,true_negative,false_negative
0.1,0.7361853832442068,0.6259477674810446,1.0,0.7699481865284975,743,444,496,0
0.2,0.8562091503267973,0.7543147208121828,1.0,0.8599537037037037,743,242,698,0
0.30000000000000004,0.9132501485442662,0.8365276211950394,0.9986541049798116,0.9104294478527607,742,145,795,1
0.4,0.9358288770053476,0.8766310794780545,0.9946164199192463,0.9319041614123582,739,104,836,4
0.5,0.9441473559120618,0.8991389913899139,0.9838492597577388,0.9395886889460154,731,82,858,12
0.6,0.9489007724301842,0.9184713375796179,0.9703903095558546,0.9437172774869109,721,64,876,22
0.7000000000000001,0.9441473559120618,0.9286657859973579,0.946164199192463,0.9373333333333334,703,54,886,40
0.8,0.9358288770053476,0.9415855354659249,0.9111709286675639,0.9261285909712722,677,42,898,66
0.9,0.8983957219251337,0.9525316455696202,0.8102288021534321,0.8756363636363637,602,30,910,141
