{
    "0": {
        "precision": 0.975609756097561,
        "recall": 0.9787234042553191,
        "f1-score": 0.9771640998406798,
        "support": 940.0
    },
    "1": {
        "precision": 0.972972972972973,
        "recall": 0.9690444145356663,
        "f1-score": 0.9710047201618341,
        "support": 743.0
    },
    "accuracy": 0.9744503862150921,
    "macro avg": {
        "precision": 0.974291364535267,
        "recall": 0.9738839093954927,
        "f1-score": 0.9740844100012569,
        "support": 1683.0
    },
    "weighted avg": {
        "precision": 0.97444568606692,
        "recall": 0.9744503862150921,
        "f1-score": 0.9744448965718847,
        "support": 1683.0
    }
}