threshold,accuracy,precision,recall,f1_score,true_positive,false_positive,true_negative,false_negative
0.1,0.6951871657754011,0.5915605095541401,1.0,0.7433716858429215,743,513,427,0
0.2,0.8966131907308378,0.8102508178844057,1.0,0.8951807228915662,743,174,766,0
0.30000000000000004,0.9607843137254902,0.919454770755886,0.9986541049798116,0.9574193548387097,742,65,875,1
0.4,0.9756387403446227,0.95703125,0.9892328398384926,0.9728656518861681,735,33,907,8
0.5,0.9744503862150921,0.972972972972973,0.9690444145356663,0.9710047201618341,720,20,920,23
0.6,0.9655377302436126,0.9803646563814866,0.9407806191117093,0.9601648351648352,699,14,926,44
0.7000000000000001,0.9435531788472965,0.9850299401197605,0.8855989232839838,0.9326718639262933,658,10,930,85
0.8,0.887106357694593,0.9964093357271095,0.746971736204576,0.8538461538461539,555,2,938,188
0.9,0.7278669043374926,1.0,0.3835800807537012,0.5544747081712061,285,0,940,458
